Sender,Points,Details
veronique,33,Bonus Black Friday - Annuel
ozmoustiquaires,45,Bonus Black Friday
tahia1987,45,Bonus Black Friday
muamba,45,Bonus Black Friday
tijuan,45,Bonus Black Friday
peggycandaes,33,Bonus Black Friday - Annuel
sofiane,45,Bonus Black Friday
supermindbybea,45,Bonus Black Friday
tcheukomtm,45,Bonus Black Friday
tylekc,45,Bonus Black Friday
natyck06,45,Bonus Black Friday
olivierferez,33,Bonus Black Friday - Annuel
windinpoui,45,Bonus Black Friday
reyalacran,45,Bonus Black Friday
sebvenzal,33,Bonus Black Friday - Annuel
malarine,45,Bonus Black Friday
tylek72,33,Bonus Black Friday - Annuel
prisca,45,Bonus Black Friday
maximus,45,Bonus Black Friday
tcheukodiana,45,Bonus Black Friday
shemsi,45,Bonus Black Friday
mariam243,45,Bonus Black Friday
shiodaria,45,Bonus Black Friday
mafoua,45,Bonus Black Friday
lgclovis80,45,Bonus Black Friday
lys777,45,Bonus Black Friday
laurefu,45,Bonus Black Friday
laszlo57,45,Bonus Black Friday
soumare,45,Bonus Black Friday
nicolatour1,33,Bonus Black Friday - Annuel
valeriepelissier,33,Bonus Black Friday - Annuel
virgil,45,Bonus Black Friday
rachel242,45,Bonus Black Friday
phiphi,45,Bonus Black Friday
mangala,45,Bonus Black Friday
nolstev,45,Bonus Black Friday
nicesther,45,Bonus Black Friday
larirom,33,Bonus Black Friday - Annuel
symoeri,33,Bonus Black Friday - Annuel
maillard,33,Bonus Black Friday - Annuel
willyz,45,Bonus Black Friday
sabita18,45,Bonus Black Friday
oncle23,45,Bonus Black Friday
nellymony,45,Bonus Black Friday
lasnick,45,Bonus Black Friday
lalou22,45,Bonus Black Friday
sonnyg,33,Bonus Black Friday - Annuel
niya30,45,Bonus Black Friday
lafilleduciel,45,Bonus Black Friday
lyord242,45,Bonus Black Friday
mamy242,45,Bonus Black Friday
kpangaure,45,Bonus Black Friday
janiere30200,33,Bonus Black Friday - Annuel
jacqueline,33,Bonus Black Friday - Annuel
ilovesportlg,33,Bonus Black Friday - Annuel
iklein,33,Bonus Black Friday - Annuel
domi230859,33,Bonus Black Friday - Annuel
denisebreizh,33,Bonus Black Friday - Annuel
corinew,33,Bonus Black Friday - Annuel
clubpassionrallye,33,Bonus Black Friday - Annuel
brunomat,33,Bonus Black Friday - Annuel
bernier,33,Bonus Black Friday - Annuel
benoist,33,Bonus Black Friday - Annuel
rachid,31,Bonus Black Friday - Annuel
pattysuisse,31,Bonus Black Friday - Annuel
michelfawe,31,Bonus Black Friday - Annuel
mariyan,31,Bonus Black Friday - Annuel
manjana,31,Bonus Black Friday - Annuel
manaora,31,Bonus Black Friday - Annuel
jeanfrancois,31,Bonus Black Friday - Annuel
francoiseh,31,Bonus Black Friday - Annuel
fabricek,31,Bonus Black Friday - Annuel
delleconte,31,Bonus Black Friday - Annuel
celiner,31,Bonus Black Friday - Annuel
cecede,31,Bonus Black Friday - Annuel
azael08,31,Bonus Black Friday - Annuel
yanael507,22,Bonus Black Friday - Annuel
u2dmfatima,22,Bonus Black Friday - Annuel
patou89,22,Bonus Black Friday - Annuel
novafree31,22,Bonus Black Friday - Annuel
nicolej,22,Bonus Black Friday - Annuel
gppropfirm,22,Bonus Black Friday - Annuel
chrisinvest,22,Bonus Black Friday - Annuel
casimsoh007,22,Bonus Black Friday - Annuel
argentcash007,22,Bonus Black Friday - Annuel
aec1134,22,Bonus Black Friday - Annuel
konnec,45,Bonus Black Friday
kenny229,45,Bonus Black Friday
kemikib,45,Bonus Black Friday
kassi225,45,Bonus Black Friday
kabaasta,45,Bonus Black Friday
jcmglory,45,Bonus Black Friday
ivonne23,45,Bonus Black Friday
inniobong,45,Bonus Black Friday
hilarycraft,45,Bonus Black Friday
helmut,45,Bonus Black Friday
grandjeff,45,Bonus Black Friday
gaelle2605,45,Bonus Black Friday
fleurette,45,Bonus Black Friday
felico,45,Bonus Black Friday
fabiennebusieau,45,Bonus Black Friday
eagle7,45,Bonus Black Friday
dony23,45,Bonus Black Friday
doigtsmagiquesdefefe,45,Bonus Black Friday
dire242,45,Bonus Black Friday
digistyle,45,Bonus Black Friday
diesynolorgues,45,Bonus Black Friday
danielking,45,Bonus Black Friday
daliane242,45,Bonus Black Friday
dago53,45,Bonus Black Friday
clementine,45,Bonus Black Friday
clairempouani,45,Bonus Black Friday
claire2lune,45,Bonus Black Friday
christveille,45,Bonus Black Friday
chris13,45,Bonus Black Friday
charles242,45,Bonus Black Friday
celines,45,Bonus Black Friday
cedbtn,45,Bonus Black Friday
bheroze7,45,Bonus Black Friday
berto23,45,Bonus Black Friday
beni92,45,Bonus Black Friday
barnabe,45,Bonus Black Friday
aurelienigon81,45,Bonus Black Friday
augustin,45,Bonus Black Friday
audreyb,45,Bonus Black Friday
assitanleader,45,Bonus Black Friday
anouch,45,Bonus Black Friday
annociade,45,Bonus Black Friday
andthegift,45,Bonus Black Friday
1962shelly,45,Bonus Black Friday
zikama,42,Bonus Black Friday
yaleko,42,Bonus Black Friday
taillardcharlotte,42,Bonus Black Friday
silicone,42,Bonus Black Friday
samira265,42,Bonus Black Friday
princedaf,42,Bonus Black Friday
precieuxaziz,42,Bonus Black Friday
plange,42,Bonus Black Friday
perlavertue,42,Bonus Black Friday
patrick91,42,Bonus Black Friday
nongo242,42,Bonus Black Friday
noedek,42,Bonus Black Friday
nadinepayen,42,Bonus Black Friday
mymi242,42,Bonus Black Friday
morganedbx,42,Bonus Black Friday
morann,42,Bonus Black Friday
mombomiyindou,42,Bonus Black Friday
merveille242,42,Bonus Black Friday
merveille,42,Bonus Black Friday
lofemba,42,Bonus Black Friday
lianitta242,42,Bonus Black Friday
krystya3,42,Bonus Black Friday
happinessdiffusion,42,Bonus Black Friday
gregory,42,Bonus Black Friday
florian05,42,Bonus Black Friday
fannyclosing,42,Bonus Black Friday
elodie73,42,Bonus Black Friday
eliteprospection1,42,Bonus Black Friday
danythedog,42,Bonus Black Friday
coraliesantini,42,Bonus Black Friday
cocacolagirl,42,Bonus Black Friday
claracsn,42,Bonus Black Friday
carolinew,42,Bonus Black Friday
belinga,42,Bonus Black Friday
apovofulgence,42,Bonus Black Friday
agamaluchristelle,42,Bonus Black Friday
ufh46pcldg,30,Bonus Black Friday
tsk1991,30,Bonus Black Friday
tiduch,30,Bonus Black Friday
sylvie77,30,Bonus Black Friday
supermicke,30,Bonus Black Friday
othmanebricha,30,Bonus Black Friday
nikiema1234,30,Bonus Black Friday
newlinks74,30,Bonus Black Friday
nebia038,30,Bonus Black Friday
naturabelle,30,Bonus Black Friday
nambinina,30,Bonus Black Friday
mimi2809,30,Bonus Black Friday
mathildeleguillou,30,Bonus Black Friday
marthe237,30,Bonus Black Friday
marinedupuy,30,Bonus Black Friday
mamiedigitale,30,Bonus Black Friday
mamac64,30,Bonus Black Friday
liassotech,30,Bonus Black Friday
julieironart,30,Bonus Black Friday
indiana,30,Bonus Black Friday
hamzat,30,Bonus Black Friday
georges75,30,Bonus Black Friday
freeyoddu19,30,Bonus Black Friday
freedom51,30,Bonus Black Friday
france67,30,Bonus Black Friday
fabienmartelly,30,Bonus Black Friday
energie,30,Bonus Black Friday
emmahenrieux,30,Bonus Black Friday
elanvin,30,Bonus Black Friday
dianal,30,Bonus Black Friday
cycyglossy,30,Bonus Black Friday
christina2023,30,Bonus Black Friday
chantalfemmemedecine,30,Bonus Black Friday
catiana,30,Bonus Black Friday
cataroch,30,Bonus Black Friday
biannic,30,Bonus Black Friday
aulinc,30,Bonus Black Friday
antho87,30,Bonus Black Friday
abderrahim,30,Bonus Black Friday
a0r9l5,30,Bonus Black Friday
manageratilovesport,63,Bonus Black Friday
eccoco,42,Bonus Black Friday
dpcoaching,59,Bonus Black Friday
carpediem51,42,Bonus Black Friday